Name,Type,
A/D converter,input,
Additional information,textarea,
Affiliation,input,
Age,input,
Air bags,input,
Air delivery,input,
Air displacement,input,
Airfoil,input,
Airframe,input,
Airframe hours,input,
Album length,input,
Alias,input,
Analogue outputs,input,
Appearance,input,
Area,input,
Artist,input,
ASIN,input,
Assembly date,input,
Asset tag,input,
Audio channels,input,
Audio chip,input,
Author,input,
Availability,input,
Back design,input,
Backlight Source,input,
Bandwidth,input,
Bandwidth (download),input,
Bandwith (upload),input,
Battery life,input,
Baud rate,input,
Beam,input,
Berths,input,
Binding,input,
Blade edge,input,
Blade material, input,
Blade length, input,
Blade type, input,
Blade angle, input,
Block,input,
Blooming,bool,
Bluetooth version,input,
Board size,input,
Board number,input,
Body style,input,
Bolster,input,
Book type,input,
Box lot,input,
Box size,input,
Born,input,
Brand,input,
Breed,input,
Breeder,input,
Brightness,input,
Brilliance,input,
BTU,input,
Budget,input,
Buyer,input,
Cable length,input,
Cable type,input,
Calibration, input,
Caliber, input,
Cabinet size,input,
Cabinet type,input,
Capacitance,input,
Capacity,input,
Carat,input,
CAS latency,input,
CAS number,input,
Channel separation,input,
Chemical formula,input,
Chipset,input,
Circulated,bool,
Clarity,input,
Class,input,
Codename,input,
Colour,input,
Contact material,input,
Contact points,input,
Content rating,input,
Commemorative,bool,
Composer,input,
Composition,input,
Condition,input,
Configuration,input,
Connector type,input,
Connector type A,input,
Connector type B,input,
Contents,input,
Cord length,input,
Core,input,
Core material,input,
Cores,input,
Cost,input,
Cost/Unit,input,
Counterfeit,bool,
Country,input,
Coverage,input,
CPU,input,
Creator,input,
Crossover frequency,input,
Cruise speed,input,
Crystal structure,input,
Culet,input,
D/A converter,input,
DAC,input,
Damping factor,input,
Data retention,input,
Datasheet link,URL,
Date code, input,
DC supply voltage (VDD),input,
Deadlift,input,
Decks,input,
Depth of field,input,
Design,input,
Designer,input,
Device type,input,
Diagonal size,input,
Denomination,input,
Denomination,input,
Department,input,
Depth,input,
Dialing code,input,
Diameter,input,
Died,input,
Digital outputs,input,
Dimensions,input,
Director,input,
Disaplacement,input,
Disc bore,input,
Discipline,input,
Disk number,input,
Displacement,input,
Display Bit Depth,input,
Display type,input,
Draught,input,
Drive type,input,
Drive units,input,
Dry capacity,input,
Dry weight,input,
Dynamic range,input,
Edition,input,
End production date,input,
Energy Class,input,
Engine hours,input,
Engine make,input,
Engine model,input,
Engine type,input,
Engine usage,input,
Dimensions,input,
Era,input,
Evaporation type,input,
Exact year,input,
Expedition, input,
Exterior Material,input,
Face value,input,
Failure rate,input,
Fair trade,bool,
Family,input,
Finderscope,input,
Finish,input,
Firmware,input,
Floppy drive,input,
Focal Length,input,
Focus type,input,
Form factor,input,
Format,input,
Frame Rate Control,input,
Frequency,input,
Frequency response,input,
Fresh water tanks,input,
Front design,input,
Fuel tanks,input,
Fuel type,input,
Function,input,
Gain,input,
Gauge,input,
Genre,input,
Genuine,bool,
Gender,input,
Girdle,input,
Grade,input,
Group,input,
Handmade,bool,
Hardness,input,
Head type,input,
Headroom extension,input,
Heads,input,
Heat output,input,
Height,input,
Holding tanks,input,
Hours,input,
Housing type,input,
Hull material,input,
Hull type,input,
Ideology,input,
Impedance,input,
Imperfections,bool,
Index,input,
Inductance,input,
Input sensitivity,input,
Input voltage,input,
Interface type,input,
ISBN,input,
ISBN-10,input,
ISBN-13,input,
Issue date,input,
Issuing authority,input,
Jacket,input,
Jacket material,input,
Jewel count,input,
Job title,input,
Keel type,input,
Language,input,
Leader,input,
Length,input,
Lifespan,input,
Limited edition,bool,"[Yes, No]"
Liquid capacity,input,
Liquid weight,input,
Lithography,input,
Lithology,input,
Load rating,input,
Locality,input,
Locking mechanism,input,
Lining Color,input,
LOA,input,
Luster,input,
Manufacture date,input,
Manufacturer,input,
Market,input,
Material,input,
Max Number of Colors,input,
Maximum Aperture,input,
Maximum DC Current,input,
Maximum load,input,
Maximum Magnification,input,
Maximum Resolution,input,
Maximum speed,input,
Media type,input,
Mileage,input,
Minting year,input,
Model,input,
Monoisotopic mass,input,
Mount ,input,
Mounting style,input,
MPN,input,
Music label,input,
Noise reduction,input,
Number of births,input,
Number of cabins,input,
Number of pages,input,
Number of pins,input,
Number of tracks,input,
Objective Lens Diameter,input,
Obverse design,input,
On loan,bool,
On loan to,input,
Operating pressure,input,
Operating System,input,
Operating temperature (max),input,
Operating temperature (min),input,
Operating temperature (range),input,
Orientation,input,
Origin,input,
OS grid reference,input,
Output voltage,input,
Package,input,
Pages,input,
Panel,input,
Paper type,input,
Parents,input,
Part number,input,
Pattern,input,
Period,input,
Platform,input,
Play time,input,
POST string,input,
Postcode,input,
Power consumption,input,
Power,input,
Power dissipation (ave),input,
Power dissipation (max),input,
Power dissipation (min),input,
Power output,input,
Power rating,input,
Power supply, input,
Power supply type, input,
Processor,input,
Producer,input,
Product key,input,
Production company,input,
Proof,input,
Prop hours,input,
Prop make,input,
Propulsion,input,
Provenance,input,
PSU,input,
Published date,input,
Publisher,input,
Pull resistance,input,
Purchase date,input,
Qualification,input,
Quality,input,
Quantity,input,
Radius,input,
Rails,input,
RAM,input,
Range,input,
Rarity,input,
Rate of climb,input,
Rating,input,
Record label,input,
Recording time,input,
Reference,input,
Refractive index,input,
Refresh rate,input,
Reg number,input,
Region,input,
Relatives,input,
Release year,input,
Reliability,input,
Resistance,input,
Response time,input,
Restored,bool,
Reverse design,input,
Reynolds number,input,
Rheostat,bool,
Ridge,input,
Rotation rate,input,
Running time,input,
S/N improvement,input,
Safety,input,
Sampling frequency,input,
Scale,input,
Screen aspect ratio,input,
Screen Horizontal Viewing Angle,input,
Screen Pixel Density,input,
Screen Pixel Pitch,input,
Screen resolution,input,
Screen Vertical Viewing Angle,input,
Screen-to-Body Ratio,input,
Seller,input,
Sensitivity,input,
Serial number,input,
Series,input,
Service ceiling,input,
Service tag,input,
Shade,input,
Shaft base,input,
Shape,input,
Signal word,input,
Signal-to-noise,input,
Signature,bool,
Size,input,
SKU,input,
Slot  ,input,
Slot type,input,
Socket,input,
Solubility,input,
Sound chip,input,
Source ,input,
SPARS code,input,
Speaker load impedance,input,
Species,input,
Spouse,input,
Stall speed,input,
Standard,input,
Status,input,
Strength,input,
Studio,input,
Supplier,input,
Supply voltage (max),input,
Supply voltage (min),input,
Supply voltage (range),input,
System,input,
System number,input,
System requirements,textarea,
Tank capacity,input,
Tank pressure,input,
Tape speed,input,
Taper,input,
TDP,input,
Temperature coefficient,input,
Termination style,input,
Texture,input,
Tolerance,input,
Top speed,input,
Total harmonic distortion,input,
Track system,input,
Transmission,input,
Uncirculated,bool,"[Yes, No]"
Thread size,input,
Fastener type,input,
Fasterner coating,input,
Fasterner material,input,
URL,URL,
Variety,input,
Vessel type,input,
Video chip,input,
Video output ,input,
Video outputs,input,
Vintage,input,
Voltage,input,
Voltage Rating AC,input,
Voltage Rating DC,input,
Volume,input,
Watermark,bool,"[Yes, No]"
Wavelength,input,
Weatherproof,bool,"[Yes, No]"
Weight,input,
Wheelbase,input,
Width,input,
Wing area,input,
Wingspan,input,
Wow and flutter,input,
Year build,input,
Zipcode,input,
Open source,input,
Closed source,input,
Proprietary,input,